65,Waylon_Corwin72@gmail.com,$2a$10$oMXYRuo7ZlzyhCLHHga5z.Un7qumhYe.G3cZEBMxCopkRN41sh8nm,Donald,Maggio,,,,,,,,,,,t,regular,
26,billy@gmail.com,$2a$10$YFMDK7iSfb6KiesOh9e9hOTw6MLuUvlj5DTsQ1dit8ROzKk6IM7R2,Billy,William,male,Vancouver,Canada,I am my own biggest fan...,YO MAMA,https://www.youtube.com/watch?v=UXyHf_SpUUI,,,,,t,admin,
27,Henriette95@gmail.com,$2a$10$rhPWggtnMCP9A7/C3sfz7.P3YCm3UE.SbgpoaORvBEy06Qhp0Yux.,Gene,Bauch,,,,,,,,,,,t,regular,
28,Karine_Dibbert@yahoo.com,$2a$10$MTLMWbtz0vzjpvcATgt.iOZY41hRsNuc1c/pIbxfiLT5zrq59pQFu,Leanne,Friesen,,,,,,,,,,,t,regular,
29,Kory71@yahoo.com,$2a$10$8z7scDiwUuZcktKKCf6a..vQLbgwAESRuYw/5FVsBbM6glFVCWyUe,Abby,Waters,,,,,,,,,,,t,regular,
30,Penelope_Gleason@hotmail.com,$2a$10$wfaSDt.YybflQeFsM.g2AOOyAuIeqHyWJfE44eiIqaO0.iUuXCvTq,Waylon,Goldner,,,,,,,,,,,t,regular,
31,Rosario.Schroeder@hotmail.com,$2a$10$EIXFNjsbVhKhnUgbbNLBmOUpnsaXVYHYyvIkxP.2Uqc79CFgLuxWS,Janice,Robel,,,,,,,,,,,t,regular,
32,Anabel87@yahoo.com,$2a$10$awa099B5lDBDLNCvB/3TjOa7A6SMVPjqx1cNvWVRXR40o8cVD2Qp2,Stacy,Hermann,,,,,,,,,,,t,regular,
33,Amira.Barton@hotmail.com,$2a$10$v.tYiaT1QARBY8H5daOgMepmi3RQQ0pN9LLOQScFzWqx2K7y6Plj2,Stephan,Breitenberg,,,,,,,,,,,t,regular,
34,Marlon_Price79@hotmail.com,$2a$10$zY1AK8XaKKI/V9qkvYIBZebZgdA7xZQtWvto/llC4umk0Xd/lC.QK,Ron,O'Kon,,,,,,,,,,,t,regular,
35,Jamar.Goodwin91@gmail.com,$2a$10$JOwC69vckesCumILhj1SHeh81aoL4cdPJN6xnPwjW75rTdVa/bWga,Micheal,Gorczany,,,,,,,,,,,t,regular,
36,Amely.Hayes25@gmail.com,$2a$10$TBiGtVRfFH95LmZUnsRUAO1AlTb6DX3UOQoMTnh84js1NUn8SVvXG,Madilyn,Becker,,,,,,,,,,,t,regular,
37,Geoffrey96@yahoo.com,$2a$10$Ha.FqQC4fILimzGpVYM62egzsvHwcmNF3KiSIvQw7ZLEpQ4T6pwhi,Marta,Mills,,,,,,,,,,,t,regular,
38,Alanis_Bergnaum@gmail.com,$2a$10$CGpbQ.w0kWyoq0HYFIdf3ejK7acdC9Gi01i982oVyYZC3/rbNzgaW,Rodger,Dickens,,,,,,,,,,,t,regular,
39,Kyleigh_Daugherty91@hotmail.com,$2a$10$u3wne3GExaxc.5EGfpUVwuygpuHqfc/6k7P9wNtm0FVxKMYxuItzS,Winston,Thiel,,,,,,,,,,,t,regular,
40,Lourdes40@hotmail.com,$2a$10$6bCxCaxZlV8AFAzdp1Bbu.b3b1J31BxS7LLQEqfuLrBN6qRuGWdyS,Victor,Wilderman,,,,,,,,,,,t,regular,
41,Romaine.Bashirian@yahoo.com,$2a$10$oFgFQeQJpUHT3Or73cKK3O4FJyGJJ5eswf.6c4xBAUml0zsNgVP3.,Armando,Schimmel,,,,,,,,,,,t,regular,
42,Vanessa_Quigley14@hotmail.com,$2a$10$QAj0FeR.mZEPES6wQ6yKPOs55wi1LboLidjHzrGioCnbPQnzam1qK,Hallie,Vandervort,,,,,,,,,,,t,regular,
43,Priscilla_Ledner@gmail.com,$2a$10$RpnvLviVIcCymuH4JZMPguHOVI2Uhi1ooW4iFl60xFmPWZ46431TO,Marta,Stiedemann,,,,,,,,,,,t,regular,
44,Horacio77@hotmail.com,$2a$10$iwP78d1a8u2BkHUuk/sUluaafvThSuXL9TP9remxxMpspPpRIjoa6,Adolph,Barrows,,,,,,,,,,,t,regular,
45,Cora8@hotmail.com,$2a$10$XrsM/PQxRprakUcDCphSF.UGCwidOJQLXd/N3OJTqCG.BkgZJZn9e,Martin,Walker,,,,,,,,,,,t,regular,
46,Grayson.Gottlieb@hotmail.com,$2a$10$.fZDanwv/4x9DTeuhboRL.hecinmBNn26EZy7vN6tA64tkr5bAyzy,Bennett,Emmerich,,,,,,,,,,,t,regular,
47,Aric.Cruickshank@gmail.com,$2a$10$2OKAVqr8eI.P2s71ZOZXKu7nXHMa0OgoKSBAdSqWCnUUymNpR7LOK,Declan,Botsford,,,,,,,,,,,t,regular,
48,Edmond_Johnson@yahoo.com,$2a$10$fttSNw11foO0CMiY0tdIwO/lMc5VRpkAvJCAABa.5Wad2990cOUNC,Erica,Pagac,,,,,,,,,,,t,regular,
49,Billie25@yahoo.com,$2a$10$sxpGgZJyDbraOgmHB5rDIuD.NjRzeGJsKDmo/.aQq.qtaQLCKlTAW,Santos,Kshlerin,,,,,,,,,,,t,regular,
50,Virginie3@hotmail.com,$2a$10$7HGgSSclcX9Uu0BRdiPcDOSg/s0ILpQC6X0TFdievLXth11UDlvSC,Marcella,Jast,,,,,,,,,,,t,regular,
51,Ransom88@hotmail.com,$2a$10$3ArguTyNIj149LQxrujmueimTywPZmPwJBrkNkAfYC9q2Po5IgI9K,Jessyca,Krajcik,,,,,,,,,,,t,regular,
52,Rubie48@hotmail.com,$2a$10$MstD1eDc0PFmbjLlOx4rguG19uSdwTFlWtAqhGQVFeQbsF.LWui5a,Danny,Mueller,,,,,,,,,,,t,regular,
53,Tressa58@yahoo.com,$2a$10$Y5jB28ryLMtgwStDPNfRuukixPk28dkrThY2dkokwapqTwaI/0TTK,Logan,Lesch,,,,,,,,,,,t,regular,
54,Lucy.Windler@gmail.com,$2a$10$FxDEfORO3IB/BUTr6MtGo.bqwHdYLYD03e/L/aTQcT06i5VGGC.R6,Delbert,Spinka,,,,,,,,,,,t,regular,
55,Daisy92@yahoo.com,$2a$10$jsyAMm2TX5Ow40Uo2mjPZuRTzV3qSfT8z1bBC8yYtSIDhW014Gzj6,Lisette,Kiehn,,,,,,,,,,,t,regular,
56,Roberta25@hotmail.com,$2a$10$3lsHNzpJMBOE9.ttTcNkCuRZ6zmk42UF6ORXd/A0LbW6hayv4eBaK,Casper,Botsford,,,,,,,,,,,t,regular,
57,Meagan18@hotmail.com,$2a$10$vPr4qpWMIoF1Vd5cZSmiQO5EHPZj62yhRDUQsv.RehEfaf0uoECIa,Annamae,Douglas,,,,,,,,,,,t,regular,
58,Keely8@yahoo.com,$2a$10$RQpOh.twyzVC8P8jVNuEuOnEh8karxPaD91nKmR5pMTNt0MiR81VK,Mathilde,Macejkovic,,,,,,,,,,,t,regular,
59,Ward.Abshire39@hotmail.com,$2a$10$uBQrzoCKlXaeWvDvrAARheXsXDXza.jLp/ZsmAgFIXFKY2N9q04Vu,Camden,Schamberger,,,,,,,,,,,t,regular,
60,Van.Stoltenberg88@yahoo.com,$2a$10$walXgI/e5faiyLgps7YZjOXhWHgzVfXH1F99rEjWVwqkLrwpjKLoy,Consuelo,Jacobi,,,,,,,,,,,t,regular,
61,Eileen_Klocko@hotmail.com,$2a$10$LndECMOOKtlHCa2lOR.qJufJf4fQ8iYY4atYiJoUYZzkvTjJU8Stu,Ashton,Haag,,,,,,,,,,,t,regular,
62,Reginald18@yahoo.com,$2a$10$OhMsbUr7sxkQAt7DDMQqq.ey0n06ODtQW3O6ljpizAHb7MtmUp79m,Amparo,Becker,,,,,,,,,,,t,regular,
63,Isabel67@yahoo.com,$2a$10$cgUNa/HFmXLdZXzYnC/RNeh1HcgdsPVPUWF9651Cz9mHJWZ85mCRm,Aniya,Lang,,,,,,,,,,,t,regular,
64,Giuseppe25@gmail.com,$2a$10$FlWvTSWR5CuHdCbYrWPp8u3sqpmFcAlEASxSNv6qltyd6vQveJPQ2,Angelita,Ward,,,,,,,,,,,t,regular,